,emoji,count(emoji),avg(Anger),avg(Anticipation),avg(Disgust),avg(Fear),avg(Joy),avg(Sadness),avg(Surprise),avg(Trust)
0,"['🥺', '📌']",34,1.0,0.0,2.0,3.0,0.0,2.0,0.0,2.0
1,"['🤔', '🥰']",2,0.0,0.0,0.0,1.0,1.0,1.0,0.0,2.0
2,"['🙄', '👇']",15,0.06666666666666667,0.0,0.06666666666666667,0.06666666666666667,0.0,0.06666666666666667,0.0,0.13333333333333333
3,"['😭', '💔', '🥺']",11,0.0,0.9090909090909091,0.45454545454545453,0.5454545454545454,1.0909090909090908,0.18181818181818182,0.45454545454545453,1.1818181818181819
4,"['🔥', '🚨']",136,0.7352941176470589,0.19117647058823528,0.75,1.463235294117647,0.19852941176470587,1.5073529411764706,0.15441176470588236,0.9705882352941176
5,"['❤', '🚨']",36,0.9444444444444444,0.9722222222222222,0.027777777777777776,0.9722222222222222,0.9722222222222222,0.027777777777777776,0.9722222222222222,1.0277777777777777
6,"['🇫🇷', '🔴']",1,0.0,1.0,1.0,1.0,1.0,1.0,0.0,2.0
7,"['😂', '💔', '🥺']",7,0.0,1.0,0.0,0.42857142857142855,1.0,0.14285714285714285,0.0,2.142857142857143
8,"['👇', '✅']",474,1.9620253164556962,1.0253164556962024,1.9514767932489452,1.9936708860759493,0.046413502109704644,1.9957805907172996,0.9957805907172996,1.0337552742616034
9,"['💔', '😭', '🤣']",1,0.0,2.0,0.0,2.0,0.0,0.0,0.0,0.0
10,"['😎', '🔥']",110,0.5636363636363636,0.8,0.5454545454545454,1.2636363636363637,0.03636363636363636,0.7545454545454545,0.3090909090909091,0.5545454545454546
11,"['💔', '🙄']",6,0.3333333333333333,0.0,0.3333333333333333,0.3333333333333333,0.0,0.3333333333333333,0.3333333333333333,0.16666666666666666
12,"['😎', '🎉']",1,0.0,0.0,0.0,0.0,0.0,0.0,0.0,0.0
13,"['😂', '🔥', '🚨']",1,0.0,0.0,0.0,1.0,0.0,1.0,0.0,0.0
14,"['🙏', '😭']",17,0.11764705882352941,0.29411764705882354,0.11764705882352941,0.5294117647058824,0.29411764705882354,0.23529411764705882,0.0,0.47058823529411764
15,"['🙄', '✅']",1,0.0,3.0,0.0,1.0,3.0,0.0,0.0,1.0
16,"['❤', '‼']",1,2.0,3.0,3.0,4.0,2.0,2.0,0.0,2.0
17,"['😂', '💔', '😭']",7,0.2857142857142857,0.7142857142857143,0.2857142857142857,0.2857142857142857,0.42857142857142855,0.2857142857142857,0.14285714285714285,0.7142857142857143
18,"['😂', '💔', '🔥']",4,0.25,0.5,0.25,0.75,0.0,0.5,0.0,0.75
19,"['🔥', '👇', '⚡']",1,0.0,2.0,1.0,1.0,0.0,0.0,0.0,0.0
20,"['😂', '🤔', '🤣']",2,3.5,1.0,2.5,3.5,1.0,2.5,0.5,1.0
21,"['😭', '💔']",151,0.2980132450331126,0.7086092715231788,0.3973509933774834,1.0,0.695364238410596,0.609271523178808,0.25165562913907286,0.6754966887417219
22,"['❌', '✅']",18,0.2222222222222222,0.4444444444444444,0.6111111111111112,1.7222222222222223,0.5555555555555556,0.9444444444444444,0.5555555555555556,0.5
23,"['🙄', '🤣']",3,0.6666666666666666,0.0,0.6666666666666666,0.6666666666666666,0.0,0.6666666666666666,0.0,0.6666666666666666
24,"['❤', '⚡']",7,0.0,1.7142857142857142,0.0,0.0,1.7142857142857142,0.0,0.0,0.0
25,"['❌', '🥺']",1,1.0,1.0,1.0,2.0,1.0,2.0,2.0,2.0
26,"['🙄', '🤔']",20,0.85,1.15,0.5,1.4,0.75,0.75,0.35,1.35
27,"['😂', '💔', '🤣']",6,0.6666666666666666,0.8333333333333334,0.5,0.6666666666666666,0.5,0.6666666666666666,0.3333333333333333,0.3333333333333333
28,"['😩', '💔', '🔥']",2,0.0,0.0,0.0,0.0,0.0,0.0,0.0,1.0
29,"['🤔', '✅']",1,0.0,1.0,0.0,1.0,1.0,1.0,0.0,1.0
30,"['😂', '🙏', '🙄']",1,0.0,1.0,0.0,1.0,2.0,1.0,1.0,2.0
31,"['😎', '👇']",1,0.0,0.0,0.0,0.0,0.0,0.0,0.0,0.0
32,"['❌', '💥']",4,3.0,4.0,3.0,2.0,2.0,1.0,2.0,1.0
33,"['🚨', '🔴']",7,1.2857142857142858,1.5714285714285714,1.8571428571428572,2.857142857142857,1.7142857142857142,3.142857142857143,0.8571428571428571,2.5714285714285716
34,"['🔥', '🔴', '💥']",55,0.0,2.8181818181818183,0.0,1.0545454545454545,1.8727272727272728,0.09090909090909091,0.9454545454545454,1.8727272727272728
35,"['❤', '💔', '🙏']",3,0.6666666666666666,0.6666666666666666,0.6666666666666666,1.3333333333333333,0.6666666666666666,1.0,0.6666666666666666,0.3333333333333333
36,"['😂', '🚨']",24,0.2916666666666667,0.08333333333333333,0.875,0.5416666666666666,0.041666666666666664,1.0416666666666667,0.041666666666666664,1.4583333333333333
37,"['❤', '😭', '🙏']",1,0.0,0.0,2.0,0.0,0.0,0.0,0.0,2.0
38,"['❤', '🔴']",1,1.0,0.0,0.0,1.0,1.0,1.0,1.0,1.0
39,"['⚽', '✅']",6,0.3333333333333333,0.6666666666666666,0.0,0.16666666666666666,1.0,0.5,0.6666666666666666,1.1666666666666667
40,"['👇', '🥰']",1,0.0,1.0,0.0,0.0,1.0,1.0,1.0,2.0
41,"['😭', '📍']",1,2.0,2.0,3.0,6.0,1.0,6.0,1.0,4.0
42,"['👇', '🔴', '💥']",20,2.0,1.0,0.0,3.8,0.0,2.8,0.0,3.0
43,"['❤', '🎉']",125,0.08,0.72,0.16,0.256,0.8,0.16,0.28,1.016
44,"['🔥', '👉']",2,0.0,0.0,0.0,0.0,1.0,0.0,0.0,0.0
45,"['😂', '‼']",4,1.0,0.0,0.0,0.0,0.0,0.0,0.0,0.0
46,"['😩', '😭', '❤']",1,0.0,2.0,0.0,2.0,1.0,1.0,0.0,2.0
47,"['😩', '😭']",13,0.46153846153846156,0.9230769230769231,0.46153846153846156,1.0769230769230769,0.9230769230769231,0.6923076923076923,0.0,1.0769230769230769
48,"['🔥', '⚡', '💥']",2,1.0,1.0,0.0,6.0,0.0,5.0,0.0,1.0
49,['✅'],1177,0.3933729821580289,0.7068819031435853,0.22429906542056074,0.7527612574341547,0.5369583687340697,0.43075615972812237,0.18946474086661003,0.9575191163976211
50,"['😩', '💔', '😭']",3,0.6666666666666666,1.3333333333333333,1.0,2.0,1.3333333333333333,2.0,0.3333333333333333,1.0
51,"['🚨', '🥰']",1,0.0,2.0,3.0,1.0,1.0,2.0,1.0,1.0
52,"['😭', '👇', '🥺']",2,1.0,0.0,1.0,1.0,0.0,1.0,0.0,0.0
53,"['😂', '🙏', '🤣']",1,1.0,1.0,1.0,1.0,1.0,1.0,1.0,2.0
54,"['👇', '👀']",1,0.0,2.0,0.0,0.0,0.0,0.0,0.0,1.0
55,['⚽'],133,0.13533834586466165,0.7142857142857143,0.045112781954887216,1.3533834586466165,0.5864661654135338,1.556390977443609,0.518796992481203,1.3759398496240602
56,"['🔴', '⚠']",1,2.0,0.0,1.0,5.0,0.0,5.0,0.0,0.0
57,"['✅', '🤣']",1,1.0,0.0,1.0,1.0,1.0,1.0,0.0,2.0
58,"['😩', '💔']",10,0.6,1.3,0.4,1.4,1.2,1.2,0.7,1.6
59,"['🥺', '💥']",1,5.0,2.0,3.0,3.0,2.0,2.0,0.0,3.0
60,"['😂', '❤', '🔥']",3,0.0,0.0,0.0,0.0,0.0,0.0,0.0,0.0
61,"['❤', '❌', '🎉']",1,0.0,0.0,0.0,0.0,0.0,0.0,1.0,0.0
62,"['🚨', '💥']",406,0.25862068965517243,0.45566502463054187,0.29064039408866993,0.6133004926108374,0.29802955665024633,0.6798029556650246,0.10591133004926108,1.2167487684729064
63,"['🔥', '✅']",14,0.07142857142857142,0.7857142857142857,1.1428571428571428,0.6428571428571429,0.8571428571428571,0.6428571428571429,0.0,1.1428571428571428
64,"['💔', '👇']",4,0.0,0.0,0.0,0.0,0.0,1.0,0.0,0.0
65,['🥺'],998,0.22344689378757515,1.3256513026052104,0.18336673346693386,0.5360721442885772,1.3567134268537073,0.9018036072144289,0.467935871743487,0.872745490981964
66,"['👇', '📍']",3,1.6666666666666667,3.3333333333333335,1.3333333333333333,1.3333333333333333,2.0,0.6666666666666666,0.6666666666666666,1.0
67,"['💔', '🇫🇷']",1,0.0,0.0,0.0,0.0,0.0,0.0,0.0,0.0
68,['💔'],2366,0.4894336432797971,0.7041420118343196,0.5152155536770922,0.996196111580727,0.6770921386306001,0.7865595942519019,0.23795435333896872,0.8372781065088757
69,"['‼', '✅']",1,0.0,1.0,1.0,5.0,1.0,5.0,0.0,3.0
70,"['❌', '👇']",5,0.2,0.0,0.0,1.4,0.2,1.4,0.0,0.2
71,"['⚡', '💥']",18,1.0,0.0,0.0,4.0,0.0,3.0,0.0,0.0
72,"['🤔', '🤣']",4,0.5,1.0,0.5,1.25,0.5,0.75,0.25,1.5
73,"['❌', '😭', '✅']",1,1.0,0.0,1.0,0.0,0.0,0.0,0.0,0.0
74,"['⚽', '🔥', '🚨']",2,0.0,1.0,0.0,1.5,0.5,1.5,0.0,0.5
75,"['❤', '😭']",60,0.16666666666666666,0.7,0.3333333333333333,0.5833333333333334,0.75,0.3333333333333333,0.21666666666666667,0.8666666666666667
76,"['🚨', '🤔']",1,2.0,1.0,1.0,3.0,0.0,3.0,1.0,3.0
77,"['❤', '✅']",6,0.16666666666666666,0.6666666666666666,0.16666666666666666,1.1666666666666667,0.6666666666666666,0.16666666666666666,0.3333333333333333,1.1666666666666667
78,"['✅', '⚠']",2,1.0,0.5,0.0,0.5,0.0,0.0,0.5,1.0
79,"['😂', '❤', '🎉']",9,0.0,0.5555555555555556,0.0,0.1111111111111111,0.7777777777777778,0.0,0.4444444444444444,0.5555555555555556
80,"['😎', '👀']",1,0.0,1.0,0.0,0.0,2.0,0.0,1.0,2.0
81,"['👉', '🤔', '🔴']",1,0.0,1.0,0.0,4.0,0.0,3.0,0.0,1.0
82,"['👇', '📌']",2,0.5,0.0,0.0,1.5,0.0,1.5,0.0,1.5
83,"['🙏', '👇']",13,0.5384615384615384,0.07692307692307693,0.5384615384615384,0.46153846153846156,0.07692307692307693,0.5384615384615384,0.07692307692307693,1.1538461538461537
84,"['👉', '🥺']",5,1.4,0.0,1.2,1.4,0.0,1.2,0.0,0.2
85,"['😭', '🎉']",3,0.0,0.6666666666666666,0.0,0.3333333333333333,0.6666666666666666,0.3333333333333333,0.3333333333333333,0.6666666666666666
86,"['🎉', '🤣']",4,0.0,2.5,0.0,0.5,3.0,0.0,0.0,2.5
87,"['😭', '🙄']",1,0.0,0.0,1.0,2.0,0.0,0.0,1.0,0.0
88,"['💔', '✨']",39,1.0,1.0,0.0,2.0,1.0,2.0,1.0,2.0
89,"['😂', '💔', '✅']",1,0.0,0.0,0.0,0.0,0.0,0.0,0.0,1.0
90,"['💔', '😭']",74,1.2027027027027026,0.9594594594594594,0.5,1.337837837837838,0.8648648648648649,1.4324324324324325,0.28378378378378377,1.0
91,"['😩', '🔥']",4,0.25,0.25,0.25,0.25,0.5,0.25,0.0,0.75
92,"['😂', '🔥', '😩']",3,0.0,3.0,0.0,0.0,2.0,0.0,1.0,1.0
93,"['❤', '🎉', '✅']",1,1.0,0.0,1.0,3.0,1.0,2.0,0.0,0.0
94,"['😂', '❤', '😎']",1,2.0,3.0,2.0,3.0,2.0,3.0,0.0,2.0
95,"['🔴', '✅', '💥']",1,0.0,0.0,0.0,0.0,0.0,0.0,0.0,0.0
96,"['😂', '❌', '✅']",1,0.0,1.0,0.0,1.0,0.0,0.0,0.0,1.0
97,"['😭', '👇']",3,0.3333333333333333,0.6666666666666666,0.0,0.3333333333333333,1.0,0.3333333333333333,0.0,0.6666666666666666
98,"['😂', '👇']",32,0.5,0.53125,0.53125,1.09375,0.8125,1.0625,0.25,0.75
99,"['😂', '❤', '😩', '🥺']",1,2.0,0.0,2.0,4.0,1.0,4.0,0.0,1.0
100,['❌'],145,0.8896551724137931,1.0413793103448277,0.4827586206896552,0.9724137931034482,0.9172413793103448,0.8551724137931035,0.6620689655172414,1.2758620689655173
101,"['😂', '✨']",11,0.2727272727272727,0.5454545454545454,0.45454545454545453,0.6363636363636364,0.5454545454545454,0.45454545454545453,0.09090909090909091,0.18181818181818182
102,"['⭐', '✅']",2,2.5,1.5,1.5,3.5,1.0,2.5,0.0,1.5
103,"['😂', '💔', '😎']",1,0.0,2.0,0.0,0.0,1.0,0.0,0.0,3.0
104,"['❌', '👇', '✅']",1,0.0,1.0,0.0,0.0,0.0,0.0,1.0,2.0
105,"['🔥', '🚨', '🤣']",1,1.0,0.0,0.0,0.0,0.0,0.0,1.0,1.0
106,"['🤔', '❗']",3,0.0,1.0,0.0,1.0,1.0,2.0,0.0,1.0
107,"['😂', '🙄']",24,0.2916666666666667,0.5416666666666666,0.7083333333333334,1.1666666666666667,0.25,0.9166666666666666,0.0,0.7083333333333334
108,"['🔥', '🎉', '💥']",1,0.0,1.0,1.0,1.0,1.0,1.0,0.0,2.0
109,"['❤', '✅', '❗']",1,0.0,1.0,0.0,0.0,3.0,0.0,0.0,1.0
110,"['💔', '⚽']",30,1.8333333333333333,0.5333333333333333,1.2,2.7,0.4666666666666667,1.7333333333333334,0.9,0.6333333333333333
111,"['😎', '🙄']",3,1.0,1.3333333333333333,0.0,0.0,2.0,0.0,1.3333333333333333,1.0
112,"['😂', '🙏', '🎉']",1,1.0,2.0,1.0,1.0,3.0,1.0,1.0,2.0
113,"['🔥', '⚡']",2,1.5,1.5,0.5,2.0,0.0,1.5,0.0,4.5
114,"['😂', '❤', '💥']",8,0.0,1.0,0.0,0.0,1.0,0.0,0.0,1.0
115,"['❤', '😭', '🥺']",5,0.6,1.2,0.8,0.8,1.0,0.6,0.2,1.4
116,['👉'],44,0.9545454545454546,0.7954545454545454,0.8181818181818182,1.3181818181818181,0.7045454545454546,1.0909090909090908,0.7045454545454546,1.0909090909090908
117,"['🎉', '💥']",1,0.0,0.0,0.0,0.0,0.0,0.0,0.0,0.0
118,"['❤', '😎', '🤣']",1,0.0,0.0,0.0,0.0,0.0,0.0,0.0,0.0
119,"['👇', '🥺']",2,0.0,0.5,0.0,1.0,1.5,0.5,1.5,0.5
120,"['🙏', '❗']",1,4.0,6.0,0.0,5.0,3.0,2.0,3.0,3.0
121,"['😂', '💔', '🙏', '🥺']",1,0.0,0.0,2.0,0.0,0.0,0.0,0.0,2.0
122,"['😩', '😂', '🤣']",1,1.0,1.0,0.0,0.0,1.0,0.0,1.0,1.0
123,"['📍', '❗']",1,0.0,1.0,0.0,1.0,1.0,0.0,0.0,2.0
124,"['💔', '🙏']",10,0.9,1.2,0.8,1.7,1.4,1.3,0.7,1.4
125,['👀'],111,0.40540540540540543,0.5135135135135135,0.42342342342342343,0.8738738738738738,0.36036036036036034,0.6666666666666666,0.44144144144144143,0.6936936936936937
126,"['😂', '😭', '🙄']",2,0.0,0.0,0.0,1.0,0.0,1.0,0.0,1.0
127,"['😂', '👇', '🔴', '🤔']",1,0.0,0.0,0.0,0.0,0.0,0.0,0.0,0.0
128,"['‼', '💥']",3,0.6666666666666666,0.6666666666666666,1.0,1.0,0.3333333333333333,1.6666666666666667,0.3333333333333333,0.3333333333333333
129,"['🇧🇷', '🇫🇷']",1,0.0,1.0,0.0,0.0,1.0,0.0,1.0,0.0
130,"['😩', '🤣']",1,1.0,1.0,1.0,3.0,1.0,2.0,0.0,2.0
131,"['😭', '🔥']",8,0.375,0.5,0.25,1.0,0.5,0.75,0.625,0.75
132,['➡'],1,0.0,0.0,0.0,1.0,0.0,1.0,0.0,0.0
133,"['‼', '🔴', '📌']",4,0.0,0.0,2.0,2.0,0.0,2.0,0.0,0.0
134,"['❤', '🙏', '✨']",12,0.0,0.4166666666666667,0.0,0.75,0.4166666666666667,0.5833333333333334,0.0,1.3333333333333333
135,"['😭', '🚨']",3,0.0,0.0,0.3333333333333333,1.0,0.0,0.3333333333333333,0.6666666666666666,0.0
136,"['🥺', '🤣']",4,1.0,0.0,1.25,1.25,0.0,1.25,0.5,0.25
137,"['🙏', '✨']",12,0.0,1.4166666666666667,0.16666666666666666,1.5833333333333333,1.4166666666666667,1.4166666666666667,0.5,1.6666666666666667
138,"['😎', '🔴']",1,0.0,1.0,1.0,1.0,1.0,1.0,1.0,2.0
139,"['‼', '🤣']",2,3.0,3.0,1.0,3.0,1.0,2.0,1.0,1.0
140,"['😂', '🥰', '🤣']",1,1.0,3.0,1.0,3.0,2.0,4.0,2.0,2.0
141,"['🤔', '🔴', '💥']",2,1.0,0.0,1.0,1.0,0.0,1.0,0.0,0.0
142,"['❤', '🙏', '👇']",1,0.0,2.0,0.0,1.0,2.0,1.0,1.0,2.0
143,"['💔', '🥺']",85,0.8352941176470589,0.8117647058823529,0.9882352941176471,1.223529411764706,0.788235294117647,1.0,0.43529411764705883,1.1529411764705881
144,"['❤', '❌', '👇']",4,0.0,0.0,0.0,0.0,0.0,0.0,0.0,2.0
145,"['👇', '👉']",1,0.0,2.0,0.0,2.0,0.0,1.0,1.0,2.0
146,['🎉'],322,0.06832298136645963,0.6832298136645962,0.15527950310559005,0.2329192546583851,0.7732919254658385,0.15527950310559005,0.2732919254658385,0.8540372670807453
147,"['😩', '❤', '🥺']",1,0.0,0.0,1.0,0.0,1.0,0.0,0.0,2.0
148,"['⭐', '🔴']",1,0.0,1.0,0.0,0.0,0.0,1.0,0.0,2.0
149,"['⭐', '✨']",2,1.0,0.5,1.0,1.0,0.0,1.0,0.5,0.0
150,['🔴'],8961,0.7024885615444705,0.5654502845664546,0.5737082914853253,1.5856489231112598,0.7047204553063274,1.3941524383439348,0.30788974444816425,1.30655060819105
151,"['✨', '✅']",3,0.6666666666666666,1.3333333333333333,0.3333333333333333,1.6666666666666667,1.3333333333333333,2.0,0.6666666666666666,2.6666666666666665
152,"['😂', '🙄', '🤣']",2,0.0,1.0,1.0,2.0,1.0,1.0,0.0,1.0
153,"['🔥', '🥰']",3,0.0,0.0,0.0,0.3333333333333333,0.0,0.3333333333333333,0.0,0.3333333333333333
154,"['❤', '😎']",8,0.125,0.0,0.25,0.75,0.0,0.375,0.375,0.0
155,"['⭐', '🥺']",2,0.0,0.0,0.0,0.0,0.0,0.0,0.0,0.0
156,"['😂', '💔', '🎉']",1,0.0,0.0,0.0,0.0,0.0,0.0,0.0,0.0
157,"['🚨', '📌']",3,1.0,1.3333333333333333,0.3333333333333333,1.6666666666666667,1.0,1.3333333333333333,0.3333333333333333,0.3333333333333333
158,['⭐'],60,0.16666666666666666,0.95,0.25,0.95,0.8333333333333334,0.4166666666666667,0.25,1.1666666666666667
159,['😂'],6123,0.3980075126571942,0.4927323207577985,0.4131961456802221,0.7917687408133268,0.41956557243181447,0.6428221460068594,0.23860852523272905,0.6589906908378246
160,"['😂', '💔', '🚨']",1,0.0,1.0,0.0,1.0,0.0,1.0,0.0,0.0
161,"['😂', '❤', '🤣']",1,0.0,0.0,0.0,3.0,0.0,3.0,0.0,0.0
162,"['❤', '🥺', '🥰']",2,0.0,0.0,0.0,0.0,0.0,0.0,1.0,0.0
163,"['🚨', '🤣']",1,0.0,1.0,0.0,0.0,1.0,0.0,0.0,0.0
164,"['😭', '🤣']",18,0.3333333333333333,0.8888888888888888,0.4444444444444444,0.8888888888888888,0.7222222222222222,0.8888888888888888,0.2777777777777778,0.6111111111111112
165,"['🎉', '📍']",2,0.0,0.0,0.0,1.5,0.0,1.5,0.0,0.5
166,['⚠'],212,0.7028301886792453,0.6745283018867925,0.7122641509433962,1.5,0.5424528301886793,1.5754716981132075,0.5188679245283019,1.009433962264151
167,"['😂', '👉']",5,0.6,0.2,0.8,1.4,0.0,1.2,0.0,0.2
168,"['😂', '❤', '💔']",2,0.0,0.0,0.0,0.5,0.0,0.5,0.0,0.5
169,"['🎉', '🥺']",9,0.0,1.1111111111111112,0.5555555555555556,0.2222222222222222,1.3333333333333333,0.6666666666666666,0.6666666666666666,2.2222222222222223
170,"['😂', '😭', '🙏']",3,0.0,0.0,0.3333333333333333,0.3333333333333333,0.0,0.3333333333333333,0.0,0.3333333333333333
171,"['❌', '💔']",1,0.0,0.0,0.0,1.0,0.0,1.0,0.0,1.0
172,"['😂', '🙏', '❤']",1,0.0,1.0,2.0,0.0,1.0,0.0,0.0,3.0
173,"['😂', '⚽']",4,0.0,0.0,0.0,0.0,0.0,0.0,0.0,0.0
174,"['😂', '😎', '❤', '🤣']",1,0.0,0.0,0.0,0.0,0.0,0.0,0.0,0.0
175,"['🤣', '💥']",4,1.0,0.25,1.0,1.75,0.25,1.75,0.5,2.0
176,"['✨', '⚡', '💥']",1,0.0,0.0,0.0,1.0,1.0,1.0,0.0,1.0
177,"['💔', '🤔', '🥺', '👀']",1,1.0,1.0,1.0,3.0,1.0,3.0,1.0,1.0
178,"['❤', '🙏', '😭']",1,0.0,1.0,0.0,1.0,1.0,1.0,0.0,2.0
179,"['🔴', '❗']",2,1.0,2.0,1.0,3.0,2.0,2.0,0.0,2.0
180,"['😂', '❗']",3,0.0,1.0,0.0,1.0,1.0,1.0,0.0,2.0
181,"['😂', '❤', '🔥', '🎉']",1,0.0,2.0,0.0,1.0,2.0,1.0,0.0,4.0
182,"['🙄', '🥺']",3,0.0,1.0,0.0,0.0,1.0,0.0,1.0,1.0
183,"['‼', '🚨']",12,1.8333333333333333,0.0,1.9166666666666667,1.8333333333333333,0.16666666666666666,1.8333333333333333,0.0,0.08333333333333333
184,"['👇', '🚨']",1,1.0,1.0,2.0,1.0,2.0,1.0,1.0,3.0
185,['📌'],761,0.5519053876478318,0.8883048620236531,0.43495400788436267,1.5479632063074902,0.657030223390276,1.2641261498028908,0.5045992115637319,1.040735873850197
186,"['🔴', '📍']",3,1.0,1.0,0.0,1.3333333333333333,1.0,2.0,0.0,1.6666666666666667
187,"['💔', '📌']",1,5.0,2.0,4.0,5.0,1.0,5.0,0.0,0.0
188,['😭'],1743,0.30751577739529545,0.4480780263912794,0.3218588640275387,0.642570281124498,0.37521514629948366,0.5341365461847389,0.2076878944348824,0.5892139988525531
189,"['😂', '🔥']",75,0.38666666666666666,0.2,0.29333333333333333,0.6533333333333333,0.22666666666666666,0.4666666666666667,0.09333333333333334,0.41333333333333333
190,"['⚽', '👇']",9,1.4444444444444444,0.8888888888888888,0.2222222222222222,2.0,0.5555555555555556,1.2222222222222223,1.0,1.0
191,"['🔥', '🥺']",3,0.3333333333333333,0.6666666666666666,0.0,0.6666666666666666,0.6666666666666666,0.0,0.0,1.0
192,"['😩', '🙏']",1,0.0,1.0,0.0,0.0,1.0,0.0,0.0,1.0
193,"['✨', '💥']",2,1.0,0.0,0.5,3.0,0.0,3.0,0.0,0.5
194,"['❤', '🔥', '🎉']",1,0.0,0.0,0.0,0.0,0.0,0.0,0.0,0.0
195,"['😭', '🙏']",49,0.0,0.02040816326530612,0.9183673469387755,0.9387755102040817,0.02040816326530612,0.9183673469387755,0.0,0.9591836734693877
196,"['🔥', '🤔']",3,0.3333333333333333,1.3333333333333333,0.3333333333333333,0.6666666666666666,2.6666666666666665,0.3333333333333333,0.0,3.0
197,"['😂', '😭', '🚨']",1,0.0,1.0,1.0,0.0,1.0,0.0,0.0,0.0
198,"['💔', '✅']",3,0.0,0.6666666666666666,0.0,0.3333333333333333,0.0,0.0,0.0,1.0
199,"['💔', '👀']",2,0.5,0.5,0.5,1.0,0.0,1.0,0.0,1.0
200,"['❤', '👉']",6,0.0,0.5,0.16666666666666666,0.5,0.5,0.0,0.5,1.1666666666666667
201,"['💔', '🔴']",5,0.8,1.6,0.6,1.6,1.6,0.6,0.8,2.4
202,"['😂', '😭', '🔥', '💔']",1,0.0,0.0,0.0,1.0,0.0,1.0,0.0,0.0
203,"['🥰', '🤣']",7,0.2857142857142857,1.1428571428571428,0.14285714285714285,0.7142857142857143,0.42857142857142855,0.5714285714285714,0.14285714285714285,1.0
204,"['👇', '🤔']",16,0.4375,0.4375,0.1875,1.4375,0.625,1.3125,0.1875,1.0625
205,"['❤', '🥰']",55,0.09090909090909091,0.509090909090909,0.09090909090909091,0.16363636363636364,0.6363636363636364,0.16363636363636364,0.23636363636363636,0.5454545454545454
206,['🚨'],6573,0.43739540544652367,0.457173284649323,0.4993153811045185,0.8720523353111213,0.27643389624220294,0.8259546630153659,0.3365282215122471,0.6502358131751103
207,['🇫🇷'],87,1.9655172413793103,0.022988505747126436,1.0114942528735633,1.0344827586206897,0.011494252873563218,1.0344827586206897,0.9310344827586207,0.04597701149425287
208,"['😂', '🔴']",7,2.142857142857143,1.1428571428571428,1.5714285714285714,2.857142857142857,0.8571428571428571,2.2857142857142856,1.2857142857142858,0.2857142857142857
209,"['🙏', '💔']",13,0.6923076923076923,1.3076923076923077,0.6923076923076923,2.6153846153846154,1.2307692307692308,1.5384615384615385,0.38461538461538464,1.5384615384615385
210,"['❤', '❌']",1,0.0,0.0,0.0,0.0,0.0,0.0,0.0,0.0
211,"['👇', '⚠']",2,0.5,1.0,0.0,2.5,0.5,1.5,0.5,0.5
212,"['🤔', '💥']",14,1.0,1.0,1.0,1.0,0.0,1.0,1.0,1.0
213,"['😂', '👇', '🤣']",3,0.3333333333333333,0.0,0.3333333333333333,0.3333333333333333,0.0,0.3333333333333333,0.0,0.3333333333333333
214,"['😩', '😂']",5,0.2,0.2,0.2,0.2,0.0,0.4,0.0,0.2
215,"['✅', '📌']",1,0.0,0.0,1.0,1.0,0.0,1.0,0.0,4.0
216,"['👇', '🤔', '⚠']",1,0.0,0.0,0.0,1.0,0.0,0.0,0.0,0.0
217,"['😭', '💔', '🚨', '🥺']",1,0.0,1.0,0.0,0.0,2.0,0.0,0.0,2.0
218,"['😂', '😭', '💔', '🥰', '❤']",1,2.0,3.0,1.0,5.0,2.0,6.0,2.0,3.0
219,"['😎', '🔥', '🤣']",1,1.0,1.0,0.0,0.0,1.0,0.0,0.0,2.0
220,"['❤', '🔥', '😎']",1,0.0,0.0,0.0,0.0,0.0,0.0,0.0,0.0
221,"['⭐', '❤', '✨']",1,0.0,0.0,0.0,0.0,0.0,0.0,0.0,1.0
222,"['❌', '⚠']",1,0.0,2.0,0.0,0.0,0.0,0.0,0.0,1.0
223,"['⭐', '❤']",3,0.3333333333333333,0.0,0.3333333333333333,1.0,0.0,0.6666666666666666,0.0,0.6666666666666666
224,"['🔥', '💥']",4,0.25,0.5,0.25,0.75,0.5,0.75,0.25,0.5
225,"['👇', '👉', '🤔']",1,1.0,0.0,1.0,1.0,1.0,0.0,0.0,0.0
226,"['😎', '🥺']",1,0.0,0.0,0.0,0.0,0.0,0.0,0.0,0.0
227,"['😂', '😭', '🔥']",1,1.0,1.0,0.0,4.0,1.0,3.0,0.0,1.0
228,"['‼', '🤔']",1,0.0,1.0,0.0,2.0,1.0,2.0,1.0,2.0
229,"['❤', '🙏']",87,0.26436781609195403,1.1379310344827587,0.4942528735632184,1.0459770114942528,1.3218390804597702,0.7586206896551724,0.4942528735632184,1.5977011494252873
230,"['💔', '🤣']",11,0.45454545454545453,0.36363636363636365,0.5454545454545454,0.9090909090909091,0.45454545454545453,0.8181818181818182,0.2727272727272727,0.8181818181818182
231,['🙄'],248,0.3588709677419355,0.4637096774193548,0.36693548387096775,1.0241935483870968,0.3588709677419355,0.9435483870967742,0.25806451612903225,0.6774193548387096
232,"['😎', '😭']",1,1.0,2.0,2.0,2.0,1.0,2.0,1.0,2.0
233,"['😩', '❤', '😭']",1,0.0,0.0,0.0,1.0,0.0,1.0,0.0,0.0
234,"['🇫🇷', '🚨']",9,0.0,0.0,0.0,0.2222222222222222,0.0,0.2222222222222222,0.0,0.0
235,"['😂', '🥺', '👀']",2,0.0,0.0,0.0,0.0,0.0,0.0,0.0,0.0
236,"['😂', '🤣']",228,0.4956140350877193,0.5087719298245614,0.4517543859649123,0.9912280701754386,0.44298245614035087,0.8508771929824561,0.2543859649122807,0.8157894736842105
237,"['😩', '❤', '😂']",1,0.0,1.0,0.0,1.0,0.0,2.0,0.0,1.0
238,"['🔥', '👇']",48,0.08333333333333333,0.125,0.14583333333333334,0.22916666666666666,0.4583333333333333,0.25,0.20833333333333334,0.3541666666666667
239,"['😩', '🔴']",1,2.0,0.0,2.0,4.0,0.0,4.0,0.0,0.0
240,"['🔥', '🤣']",5,1.0,1.0,1.2,2.4,0.6,2.0,0.8,1.4
241,"['👉', '👀']",1,0.0,0.0,0.0,0.0,0.0,0.0,0.0,1.0
242,"['😎', '💔', '🤣']",1,3.0,2.0,1.0,2.0,2.0,1.0,1.0,1.0
243,"['❤', '🙏', '⚽']",1,1.0,1.0,1.0,3.0,2.0,2.0,0.0,3.0
244,"['😭', '🥺']",27,0.5925925925925926,0.7777777777777778,0.7407407407407407,0.7037037037037037,0.8148148148148148,0.5185185185185185,0.5925925925925926,1.0
245,['📍'],312,0.5961538461538461,1.358974358974359,0.7243589743589743,1.8653846153846154,1.1538461538461537,1.3429487179487178,0.782051282051282,1.6153846153846154
246,"['❤', '🎉', '✨']",2,0.0,3.0,0.0,1.5,3.5,0.0,0.5,3.0
247,"['😎', '🤣']",4,0.5,0.5,0.75,1.75,0.5,1.0,0.25,1.5
248,"['✨', '📌']",4,0.75,1.25,1.0,3.0,1.25,2.25,0.0,0.5
249,"['😭', '🔥', '😎']",1,0.0,0.0,0.0,0.0,0.0,0.0,0.0,0.0
250,"['❤', '⚽']",1,0.0,1.0,0.0,1.0,0.0,1.0,0.0,0.0
251,['🙏'],955,0.45759162303664924,1.206282722513089,0.5047120418848168,1.27434554973822,1.1612565445026177,0.8104712041884817,0.34764397905759165,1.4973821989528795
252,"['😭', '🎉', '🥺']",1,0.0,1.0,0.0,0.0,1.0,0.0,1.0,1.0
253,"['🥺', '⚡']",2,0.0,0.0,0.0,0.0,0.0,0.0,0.0,0.0
254,['💥'],613,0.8238172920065253,1.2920065252854813,0.6590538336052202,1.6101141924959217,1.1305057096247961,1.3213703099510603,0.7504078303425775,1.7928221859706361
255,"['❌', '🔴']",7,1.7142857142857142,1.0,1.0,2.0,0.8571428571428571,1.4285714285714286,0.14285714285714285,1.2857142857142858
256,"['💔', '❗']",1,0.0,0.0,0.0,0.0,0.0,0.0,0.0,0.0
257,"['💔', '🚨']",57,0.17543859649122806,0.22807017543859648,0.21052631578947367,0.22807017543859648,0.15789473684210525,0.2631578947368421,0.24561403508771928,0.5087719298245614
258,"['❌', '⚽']",4,0.0,0.5,0.0,1.0,0.5,1.5,0.5,0.5
259,"['❤', '🙏', '🥰']",3,0.0,0.0,0.0,1.0,1.0,0.0,2.0,2.0
260,"['🔥', '👇', '✨']",1,1.0,0.0,0.0,0.0,0.0,1.0,0.0,0.0
261,"['💥', '📌']",9,0.0,0.1111111111111111,1.0,1.0,0.2222222222222222,1.0,0.1111111111111111,1.2222222222222223
262,"['‼', '🔥']",1,0.0,2.0,0.0,0.0,1.0,0.0,0.0,1.0
263,"['😂', '🤡', '🤣']",3,0.0,0.0,0.0,0.0,0.3333333333333333,0.0,0.0,0.3333333333333333
264,"['🙄', '🔥']",1,0.0,0.0,0.0,0.0,0.0,0.0,0.0,0.0
265,['🤡'],59,0.2711864406779661,0.22033898305084745,0.288135593220339,0.5254237288135594,0.2711864406779661,0.4915254237288136,0.1694915254237288,0.5084745762711864
266,['😎'],201,0.5323383084577115,0.7910447761194029,0.48756218905472637,1.0348258706467661,0.6368159203980099,0.8109452736318408,0.4129353233830846,0.7810945273631841
267,"['🎉', '🥰']",35,0.02857142857142857,0.8,0.02857142857142857,0.7142857142857143,0.8285714285714286,0.02857142857142857,0.05714285714285714,0.8571428571428571
268,"['🎉', '✨']",16,0.0,0.25,0.125,0.1875,0.3125,0.3125,0.0625,0.4375
269,"['😂', '😎', '🔥']",2,0.5,0.0,0.5,1.0,0.0,0.5,0.0,0.5
270,"['⚽', '🚨']",10,0.0,0.0,0.0,0.0,0.0,0.0,0.0,1.0
271,"['🤔', '📌']",1,1.0,1.0,1.0,3.0,1.0,4.0,0.0,2.0
272,"['✨', '🔴']",5,0.0,2.0,0.0,0.0,1.0,0.0,1.0,0.0
273,"['🎉', '✨', '💥']",1,0.0,2.0,0.0,0.0,2.0,0.0,0.0,2.0
274,"['😂', '🎉', '✨', '🤣', '🔥']",1,1.0,1.0,2.0,1.0,0.0,1.0,0.0,2.0
275,"['💔', '🙏', '🥺']",1,0.0,0.0,0.0,0.0,0.0,0.0,0.0,0.0
276,"['❤', '🙏', '🎉']",2,0.5,2.0,0.0,1.0,3.0,0.0,0.5,2.0
277,"['❤', '🔥', '👇']",3,0.0,0.0,0.0,0.3333333333333333,0.0,0.3333333333333333,0.0,0.0
278,"['❤', '📍']",6,1.0,0.0,1.0,1.0,0.0,1.0,0.0,0.0
279,['🤣'],1100,0.3618181818181818,0.5072727272727273,0.38727272727272727,0.7818181818181819,0.45181818181818184,0.6854545454545454,0.25272727272727274,0.75
280,"['❤', '👇']",20,0.1,0.5,0.2,0.75,0.55,0.8,0.65,0.65
281,"['‼', '🔴']",241,1.7842323651452283,0.008298755186721992,0.008298755186721992,2.672199170124481,0.11203319502074689,0.008298755186721992,2.663900414937759,1.0
282,"['🙏', '🙄', '🥰']",1,0.0,1.0,0.0,1.0,2.0,0.0,0.0,1.0
283,"['😂', '💔']",355,0.24225352112676057,0.3436619718309859,0.27887323943661974,0.4535211267605634,0.29295774647887324,0.38309859154929576,0.15492957746478872,0.43661971830985913
284,"['😂', '🥺']",21,0.23809523809523808,0.7142857142857143,0.6666666666666666,0.6190476190476191,0.5714285714285714,0.3333333333333333,0.19047619047619047,1.1428571428571428
285,"['🤔', '🤡']",1,1.0,2.0,1.0,2.0,1.0,1.0,0.0,1.0
286,"['😎', '🤔']",6,1.1666666666666667,0.3333333333333333,0.8333333333333334,2.1666666666666665,0.3333333333333333,1.0,0.3333333333333333,0.6666666666666666
287,"['🚨', '❗']",2,0.5,0.5,0.0,0.5,0.5,0.5,0.0,1.5
288,"['⭐', '❗']",2,0.0,0.0,0.0,2.0,0.0,2.0,0.0,2.0
289,"['😂', '😩']",4,0.25,0.75,0.5,0.75,0.0,1.25,0.0,0.25
290,"['😂', '😎', '❤']",1,0.0,3.0,0.0,1.0,3.0,1.0,2.0,2.0
291,"['✨', '🥰']",3,0.0,0.3333333333333333,0.0,0.0,0.3333333333333333,0.0,0.3333333333333333,0.0
292,"['💔', '🚨', '😭']",1,1.0,0.0,1.0,1.0,0.0,1.0,0.0,0.0
293,"['📌', '💥']",68,0.029411764705882353,0.0,0.0,1.1176470588235294,1.0,1.0588235294117647,0.0,3.0
294,"['😂', '😭', '🤣']",25,1.24,1.36,0.76,1.96,0.84,1.96,0.76,1.48
295,"['✨', '❗']",1,0.0,0.0,0.0,0.0,0.0,0.0,0.0,0.0
296,"['❤', '⚠']",1,0.0,4.0,0.0,0.0,2.0,2.0,1.0,2.0
297,"['😂', '🥰']",19,0.47368421052631576,0.42105263157894735,0.42105263157894735,0.8421052631578947,0.5263157894736842,0.5789473684210527,0.3684210526315789,0.8421052631578947
298,"['❤', '🤔']",2,0.0,1.5,0.5,1.0,1.0,0.0,0.5,0.5
299,"['😩', '🥺']",5,0.6,1.6,0.8,0.8,1.4,0.6,1.0,1.2
300,"['🚨', '🤣', '💥']",1,0.0,0.0,1.0,0.0,0.0,0.0,0.0,1.0
301,"['😭', '🔥', '🤣']",1,2.0,0.0,0.0,2.0,0.0,2.0,2.0,0.0
302,"['😂', '✅']",3,0.6666666666666666,1.3333333333333333,0.3333333333333333,0.6666666666666666,1.0,1.0,0.6666666666666666,0.6666666666666666
303,"['💥', '⚡']",4,2.0,2.0,1.0,2.0,1.0,1.0,1.0,1.0
304,"['🤡', '🤣']",3,0.3333333333333333,1.3333333333333333,0.0,2.3333333333333335,1.3333333333333333,1.0,1.0,1.3333333333333333
305,"['🚨', '📍']",1,1.0,1.0,0.0,1.0,1.0,1.0,0.0,3.0
306,"['😂', '🔥', '🤣']",1,0.0,0.0,0.0,0.0,0.0,0.0,0.0,2.0
307,"['👇', '🤣']",4,0.25,1.0,0.5,1.25,1.0,1.0,0.25,1.5
308,['‼'],315,0.5238095238095238,1.4222222222222223,0.526984126984127,1.1587301587301588,1.0952380952380953,1.380952380952381,0.4253968253968254,1.488888888888889
309,"['🥺', '🥰']",3,0.3333333333333333,1.6666666666666667,0.6666666666666666,0.6666666666666666,1.6666666666666667,0.3333333333333333,0.6666666666666666,1.6666666666666667
310,"['😭', '🥰']",1,0.0,0.0,0.0,0.0,0.0,0.0,0.0,0.0
311,"['❤', '💔', '🔥']",1,2.0,1.0,1.0,1.0,1.0,2.0,1.0,2.0
312,"['➡', '⚡', '💥']",2,2.0,4.0,0.0,0.0,1.0,1.0,1.0,3.0
313,"['😂', '😭', '👀']",1,0.0,3.0,0.0,1.0,3.0,3.0,1.0,5.0
314,"['🔥', '⚠']",2,1.0,3.0,1.0,1.0,1.0,0.0,1.0,7.0
315,"['🙏', '🤣']",4,0.5,0.5,0.25,1.0,0.5,0.75,0.5,1.25
316,"['🤔', '👀']",4,0.75,0.75,2.25,1.5,0.75,1.5,0.75,1.0
317,"['😂', '❤', '🤔']",2,0.0,0.5,0.0,0.0,0.5,0.0,0.0,0.5
318,"['💔', '😭', '🥺']",1,0.0,0.0,0.0,0.0,0.0,0.0,0.0,0.0
319,"['😂', '🙏']",22,0.45454545454545453,0.7272727272727273,0.5454545454545454,0.9090909090909091,0.7272727272727273,0.6818181818181818,0.18181818181818182,1.0909090909090908
320,"['😂', '🎉']",19,0.631578947368421,0.7894736842105263,0.7368421052631579,0.8421052631578947,0.5263157894736842,0.5789473684210527,0.3157894736842105,0.631578947368421
321,"['😂', '😭']",396,0.33080808080808083,0.6262626262626263,0.3939393939393939,0.7272727272727273,0.44696969696969696,0.8131313131313131,0.29545454545454547,0.6035353535353535
322,"['❤', '🙏', '💔']",1,1.0,2.0,0.0,2.0,1.0,1.0,0.0,2.0
323,"['📍', '⚡']",1,0.0,0.0,0.0,2.0,1.0,2.0,0.0,1.0
324,"['🤔', '🔴']",1,0.0,0.0,0.0,0.0,1.0,1.0,0.0,2.0
325,"['😂', '📍']",1,1.0,0.0,0.0,0.0,0.0,0.0,0.0,0.0
326,"['😭', '💔', '🤣']",1,2.0,0.0,2.0,2.0,0.0,2.0,0.0,0.0
327,"['🙏', '✨', '✅']",1,0.0,1.0,1.0,3.0,1.0,2.0,0.0,2.0
328,"['‼', '👇']",3,1.3333333333333333,0.0,1.6666666666666667,2.0,0.3333333333333333,1.6666666666666667,0.0,0.0
329,"['😂', '😭', '😎']",1,2.0,1.0,2.0,4.0,1.0,4.0,1.0,3.0
330,"['😂', '😭', '❤']",5,0.0,0.6,0.0,0.8,0.6,0.6,0.4,0.6
331,"['❤', '✨', '🥺']",3,0.0,2.3333333333333335,0.0,0.6666666666666666,2.6666666666666665,0.0,0.0,3.3333333333333335
332,"['❌', '🚨']",33,0.30303030303030304,0.2727272727272727,0.24242424242424243,0.3939393939393939,0.09090909090909091,0.36363636363636365,0.2727272727272727,1.2424242424242424
333,"['❤', '🔥', '😭']",1,0.0,2.0,1.0,1.0,1.0,1.0,1.0,2.0
334,"['👇', '✨']",9,0.2222222222222222,0.8888888888888888,0.0,1.2222222222222223,0.8888888888888888,1.2222222222222223,0.3333333333333333,1.7777777777777777
335,"['🔥', '✨']",2,0.5,1.5,0.0,0.0,1.5,0.0,0.0,1.5
336,"['😂', '💥']",5,0.4,0.8,0.6,1.0,0.6,0.6,0.2,0.8
337,"['👉', '✨', '👀']",1,1.0,0.0,1.0,2.0,0.0,2.0,0.0,0.0
338,"['😂', '❤', '👀']",4,0.0,0.5,0.0,0.25,0.5,0.25,0.25,1.0
339,"['🚨', '✅']",19,0.7894736842105263,0.21052631578947367,0.8421052631578947,2.263157894736842,0.05263157894736842,2.1578947368421053,0.05263157894736842,0.9473684210526315
340,"['❌', '📌']",7,1.0,0.2857142857142857,1.8571428571428572,0.7142857142857143,0.42857142857142855,0.2857142857142857,0.2857142857142857,0.5714285714285714
341,"['❤', '✅', '🥺']",2,0.5,2.0,0.0,1.0,1.0,0.5,0.5,2.0
342,"['😂', '👇', '🔴']",4,0.0,1.0,0.0,2.0,1.0,1.0,0.0,1.0
343,"['😩', '💔', '😂']",1,1.0,1.0,1.0,1.0,0.0,1.0,1.0,0.0
344,"['❌', '🔥']",1,0.0,1.0,0.0,0.0,1.0,0.0,1.0,1.0
345,"['❤', '❗']",1,0.0,4.0,0.0,1.0,4.0,1.0,2.0,2.0
346,"['⚽', '👀']",1,0.0,1.0,2.0,0.0,2.0,0.0,0.0,2.0
347,"['😂', '😭', '💔', '🤣']",2,0.0,0.5,0.0,0.0,0.0,0.5,0.0,0.0
348,"['🔴', '📌']",5,0.0,0.0,0.0,0.0,0.8,0.0,0.0,0.0
349,"['😂', '😭', '💔']",19,0.3157894736842105,0.5789473684210527,0.3684210526315789,0.5263157894736842,0.3684210526315789,0.6842105263157895,0.05263157894736842,0.2631578947368421
350,"['🔴', '✅']",6,0.0,0.3333333333333333,0.0,0.3333333333333333,0.3333333333333333,0.3333333333333333,0.0,0.6666666666666666
351,"['🔴', '⚠', '📍']",1,1.0,2.0,3.0,3.0,2.0,2.0,0.0,6.0
352,"['🙏', '👉', '👀']",1,1.0,0.0,0.0,1.0,2.0,1.0,0.0,1.0
353,['⚡'],75,0.21333333333333335,0.28,0.22666666666666666,0.56,0.68,0.4666666666666667,0.16,0.8933333333333333
354,"['❌', '🔴', '📌']",2,0.5,1.0,0.5,3.5,1.5,4.5,1.0,1.5
355,"['❤', '😭', '🤣']",1,0.0,0.0,0.0,1.0,0.0,1.0,0.0,1.0
356,"['🚨', '⚠']",191,0.17801047120418848,0.3507853403141361,0.4083769633507853,0.9476439790575916,0.4083769633507853,0.8848167539267016,0.14659685863874344,0.8167539267015707
357,"['💔', '🤡']",3,0.0,0.0,0.0,0.3333333333333333,0.0,0.3333333333333333,0.0,0.0
358,"['🥺', '🤡']",1,1.0,1.0,0.0,1.0,1.0,0.0,0.0,1.0
359,"['❌', '🔥', '❗']",1,2.0,0.0,0.0,3.0,0.0,4.0,0.0,1.0
360,"['✨', '👀']",1,1.0,0.0,0.0,0.0,0.0,0.0,0.0,1.0
361,"['😂', '🤔']",33,0.42424242424242425,0.7272727272727273,0.48484848484848486,1.3333333333333333,0.45454545454545453,0.9393939393939394,0.18181818181818182,1.0606060606060606
362,['✨'],947,0.3167898627243928,0.6494192185850053,0.3780359028511088,0.9408658922914467,0.5512143611404435,0.6261879619852164,0.16684266103484688,0.9292502639915523
363,"['❤', '🎉', '🥰']",1,0.0,1.0,0.0,0.0,1.0,0.0,0.0,1.0
364,"['😂', '❤', '🥺']",5,0.4,0.8,0.6,0.4,1.2,0.2,0.8,1.2
365,"['😂', '👀']",12,0.16666666666666666,0.3333333333333333,0.08333333333333333,0.5,0.25,0.5,0.16666666666666666,0.16666666666666666
366,"['❤', '✨']",38,0.3684210526315789,0.8421052631578947,0.34210526315789475,0.8421052631578947,0.868421052631579,0.631578947368421,0.23684210526315788,0.8421052631578947
367,"['😂', '😎']",32,0.59375,0.71875,0.40625,0.84375,0.78125,0.375,0.40625,0.84375
368,"['❤', '✨', '🥰']",1,0.0,0.0,0.0,0.0,0.0,0.0,0.0,0.0
369,"['🚨', '🥺']",1,2.0,1.0,2.0,4.0,2.0,3.0,2.0,2.0
370,"['⚽', '👇', '❗']",2,0.0,0.0,0.0,1.0,0.0,1.0,0.0,0.0
371,['😩'],230,0.22608695652173913,0.2956521739130435,0.6173913043478261,0.8739130434782608,0.23478260869565218,0.7869565217391304,0.15217391304347827,0.40869565217391307
372,"['❤', '🥺']",561,0.0855614973262032,0.22459893048128343,0.062388591800356503,0.2531194295900178,0.2887700534759358,0.15508021390374332,0.0766488413547237,0.24420677361853832
373,"['‼', '👇', '✅', '💥']",1,1.0,2.0,0.0,3.0,1.0,2.0,1.0,2.0
374,"['👇', '💥']",2,1.5,1.5,1.0,1.5,0.5,2.0,0.0,1.5
375,"['😭', '🙏', '🥺']",1,0.0,2.0,1.0,2.0,2.0,0.0,1.0,2.0
376,"['🚨', '👉']",1,1.0,0.0,0.0,0.0,0.0,0.0,0.0,0.0
377,"['😭', '👇', '📍']",2,1.0,3.0,0.0,3.0,2.0,2.0,0.0,2.0
378,"['📍', '✨', '⚡']",4,1.5,0.25,0.0,0.75,1.0,2.25,0.25,1.75
379,"['❤', '💥']",4,0.5,0.75,1.0,1.0,1.0,0.0,0.25,1.75
380,"['‼', '📌']",4,1.0,1.25,0.5,2.25,2.0,1.75,0.5,2.75
381,"['😩', '✨']",1,0.0,0.0,0.0,0.0,0.0,0.0,0.0,1.0
382,"['✅', '🥺']",1,0.0,0.0,0.0,0.0,0.0,0.0,0.0,0.0
383,"['😭', '✅']",1,0.0,0.0,0.0,0.0,0.0,0.0,0.0,0.0
384,"['⭐', '👇']",2,0.5,1.5,0.5,0.5,1.0,0.5,0.5,1.0
385,"['😭', '🤡']",3,0.6666666666666666,1.3333333333333333,0.6666666666666666,2.3333333333333335,1.3333333333333333,2.0,0.3333333333333333,2.0
386,['🔥'],2028,0.6341222879684418,0.7707100591715976,0.5542406311637081,0.7924063116370809,0.4630177514792899,0.7194280078895463,0.40088757396449703,0.8939842209072978
387,"['❤', '💔']",35,0.4857142857142857,0.8571428571428571,0.34285714285714286,1.3714285714285714,0.9714285714285714,0.6857142857142857,0.34285714285714286,1.3142857142857143
388,"['🙏', '🥰']",2,0.0,0.5,0.5,2.0,0.5,1.0,0.0,1.5
389,"['👇', '👉', '🥺']",1,1.0,2.0,1.0,2.0,2.0,5.0,2.0,2.0
390,"['🙏', '✨', '🤣']",1,1.0,2.0,1.0,2.0,2.0,1.0,1.0,2.0
391,"['❤', '🤣']",23,0.21739130434782608,0.8260869565217391,0.08695652173913043,0.6521739130434783,0.782608695652174,0.21739130434782608,0.30434782608695654,0.9130434782608695
392,"['😂', '❤', '⚽']",1,1.0,0.0,1.0,1.0,0.0,1.0,0.0,0.0
393,"['👇', '🔴']",330,2.8181818181818183,1.5636363636363637,0.9181818181818182,3.315151515151515,1.9212121212121211,2.4727272727272727,1.0121212121212122,1.9303030303030304
394,"['🔴', '💥']",27,1.6296296296296295,0.0,0.8148148148148148,3.3333333333333335,0.8148148148148148,2.5185185185185186,0.8148148148148148,1.6666666666666667
395,"['🎉', '🔥']",3,0.0,0.3333333333333333,0.0,0.0,0.3333333333333333,0.0,0.0,0.3333333333333333
396,"['‼', '🔥', '🚨']",1,0.0,0.0,0.0,1.0,0.0,1.0,0.0,0.0
397,"['😂', '😎', '🔥', '⚡']",2,0.0,0.0,0.0,1.0,0.0,1.0,0.0,0.0
398,"['😂', '🔥', '👇']",1,3.0,1.0,5.0,7.0,1.0,6.0,0.0,2.0
399,['🤔'],672,0.7693452380952381,0.6889880952380952,0.6026785714285714,1.4836309523809523,0.6413690476190477,1.2633928571428572,0.5133928571428571,1.0044642857142858
400,"['🤔', '📍']",1,0.0,3.0,0.0,1.0,3.0,2.0,0.0,2.0
401,"['❤', '💔', '🤣']",1,0.0,1.0,2.0,1.0,0.0,1.0,0.0,1.0
402,"['✨', '📍']",12,0.25,1.5,0.3333333333333333,1.0833333333333333,1.3333333333333333,0.6666666666666666,0.25,1.4166666666666667
403,"['⭐', '📍']",1,0.0,2.0,0.0,1.0,2.0,2.0,0.0,3.0
404,"['😭', '🔥', '✨']",1,0.0,0.0,0.0,0.0,0.0,0.0,0.0,0.0
405,"['😭', '🤔']",3,0.3333333333333333,0.0,0.6666666666666666,1.0,0.0,0.6666666666666666,0.0,0.6666666666666666
406,"['🙏', '🥺']",12,0.08333333333333333,1.0,0.25,0.9166666666666666,1.25,0.6666666666666666,0.5833333333333334,1.6666666666666667
407,"['😂', '😭', '🥺']",1,1.0,0.0,1.0,2.0,0.0,2.0,0.0,2.0
408,"['‼', '❗']",4,2.5,3.0,1.5,4.25,2.0,4.5,0.5,2.75
409,"['‼', '🙄']",1,3.0,1.0,3.0,4.0,0.0,2.0,0.0,2.0
410,"['🔥', '🔴']",24,0.16666666666666666,0.8333333333333334,0.125,1.0,0.7916666666666666,1.2083333333333333,0.7083333333333334,0.8333333333333334
411,"['💔', '🔥']",4,1.0,1.25,1.0,1.5,1.0,1.25,0.0,1.25
412,"['❤', '💔', '😭']",6,0.16666666666666666,1.1666666666666667,0.0,2.0,2.1666666666666665,0.16666666666666666,0.16666666666666666,1.3333333333333333
413,"['😂', '❤', '🙏']",2,0.0,0.5,0.5,0.0,0.5,0.0,0.0,3.0
414,"['❤', '💔', '⚽']",1,2.0,0.0,1.0,2.0,0.0,1.0,1.0,1.0
415,"['🥰', '🥺']",1,0.0,0.0,0.0,0.0,0.0,0.0,0.0,0.0
416,"['⭐', '🔥']",4,0.0,1.5,1.0,1.5,2.5,2.0,1.0,1.5
417,"['😂', '❤', '🥰']",2,0.0,1.0,0.5,1.0,1.5,1.0,0.5,2.5
418,"['😭', '✨']",3,0.0,0.3333333333333333,0.3333333333333333,0.3333333333333333,0.3333333333333333,0.0,0.3333333333333333,2.3333333333333335
419,"['😂', '❤']",281,0.19572953736654805,0.5444839857651246,0.3309608540925267,0.6334519572953736,0.5622775800711743,0.35231316725978645,0.2846975088967972,0.7295373665480427
420,"['⭐', '✨', '💥', '🙏', '🔥']",1,0.0,1.0,1.0,2.0,1.0,1.0,1.0,1.0
421,['🇧🇷'],8,0.0,0.875,1.875,0.0,0.875,0.0,0.875,1.0
422,"['💔', '🚨', '❌']",1,1.0,1.0,1.0,1.0,1.0,1.0,2.0,4.0
423,['❗'],484,0.762396694214876,1.487603305785124,0.5392561983471075,1.2685950413223142,1.6301652892561984,0.9855371900826446,0.33884297520661155,1.5991735537190082
424,"['🔥', '🎉']",1,0.0,1.0,0.0,0.0,0.0,0.0,0.0,1.0
425,"['😂', '😭', '🤡']",1,1.0,0.0,1.0,1.0,1.0,1.0,1.0,1.0
426,"['✅', '💥']",96,0.0,0.020833333333333332,0.010416666666666666,0.052083333333333336,0.03125,0.052083333333333336,0.010416666666666666,0.03125
427,"['🇧🇷', '⚽']",1,1.0,1.0,1.0,1.0,1.0,1.0,1.0,1.0
428,"['❌', '🚨', '⚠']",7,1.0,0.0,0.0,2.7142857142857144,0.0,3.0,0.0,1.4285714285714286
429,"['⭐', '❤', '🙏']",1,0.0,2.0,0.0,0.0,2.0,0.0,1.0,2.0
430,"['🙏', '🎉', '🥺']",1,1.0,1.0,1.0,4.0,1.0,3.0,1.0,2.0
431,"['❤', '🙏', '🤣']",1,0.0,0.0,0.0,1.0,0.0,1.0,0.0,1.0
432,"['❤', '🔥', '👇', '✨']",1,3.0,1.0,3.0,4.0,3.0,5.0,1.0,1.0
433,"['🤔', '🥺']",1,0.0,1.0,0.0,0.0,1.0,0.0,1.0,3.0
434,"['🙏', '👇', '👉']",3,0.0,0.0,0.0,0.0,0.0,1.0,0.0,0.0
435,"['✨', '🥺']",14,0.35714285714285715,1.4285714285714286,0.5,0.8571428571428571,1.8571428571428572,0.42857142857142855,0.5,2.4285714285714284
436,"['😂', '😭', '😩']",1,0.0,0.0,1.0,0.0,0.0,0.0,0.0,0.0
437,"['🎉', '👇']",1,0.0,0.0,0.0,1.0,1.0,1.0,0.0,1.0
438,"['🎉', '👇', '💥']",1,1.0,0.0,0.0,1.0,0.0,1.0,0.0,1.0
439,"['😂', '🔥', '🤔']",1,0.0,0.0,0.0,0.0,0.0,0.0,0.0,0.0
440,"['🚨', '👀']",1,0.0,0.0,0.0,0.0,0.0,0.0,0.0,0.0
441,"['✅', '📍']",5,1.2,1.6,1.0,2.0,2.0,2.0,1.0,2.8
442,"['❤', '🔥']",110,0.10909090909090909,0.6272727272727273,0.08181818181818182,0.7,0.9545454545454546,0.1,0.16363636363636364,0.7454545454545455
443,"['📌', '📍']",1,1.0,0.0,1.0,2.0,0.0,2.0,1.0,2.0
444,"['😂', '➡']",1,0.0,0.0,0.0,0.0,1.0,0.0,0.0,0.0
445,"['😂', '🤡']",5,0.2,1.0,0.0,0.6,0.4,1.0,0.2,0.6
446,['👇'],1805,0.8764542936288089,1.2786703601108034,0.7301939058171745,1.915235457063712,1.245983379501385,1.5695290858725761,0.5119113573407202,1.6631578947368422
447,"['🙏', '🎉']",15,0.0,1.4,0.3333333333333333,0.06666666666666667,1.9333333333333333,0.0,0.06666666666666667,2.0
448,"['😩', '❤']",26,0.038461538461538464,0.11538461538461539,0.7692307692307693,0.07692307692307693,0.038461538461538464,0.07692307692307693,0.0,0.07692307692307693
449,"['😂', '😎', '🤣']",1,0.0,0.0,0.0,0.0,0.0,0.0,0.0,0.0
450,"['🙏', '🙄']",2,0.0,1.5,1.0,3.0,1.5,2.0,2.0,3.0
451,['❤'],4362,0.2150389729481889,0.6033929390187988,0.259743237047226,0.6022466758367722,0.6485557083906465,0.4594222833562586,0.26639156350298027,0.8035304906006419
452,['🥰'],215,0.2372093023255814,0.5069767441860465,0.2372093023255814,0.4325581395348837,0.49767441860465117,0.32558139534883723,0.19534883720930232,0.627906976744186
453,"['🙏', '🔴']",4,1.75,0.0,1.0,1.0,0.0,1.75,0.0,0.25
